{
"lengthUnit": "mil",
"components": {
	"fields": ["COMPONENT_NO", "COMPONENT_NAME", "LAYER", "X_COORDINATE", "Y_COORDINATE", "ANGLE"],
	"rows": [
		[1, "C1", "T", 760, -1045, 0],
		[2, "C2", "T", 759.75, -971.61, 0],
		[3, "C3", "T", 787.56, -1127.56, 90],
		[4, "C4", "T", 731.94, -1127.72, 90],
		[5, "C5", "T", 169.88, -575, 0],
		[6, "C6", "T", 90, -845, 0],
		[7, "C7", "T", 530, -940, 180],
		[8, "C8", "T", 530, -1010, 180],
		[9, "C9", "T", 593.49, -671.05, 90],
		[10, "C10", "T", 595, -555, 270],
		[11, "C11", "T", 955, -595, 270],
		[12, "C12", "T", 225.12, -1155, 180],
		[13, "C13", "T", 385.12, -1155, 180],
		[14, "C14", "T", 67.56, -947.44, 270],
		[15, "C15", "T", 125.87, -1084.31, 180],
		[16, "C17", "T", 130, -265, 0],
		[17, "C18", "T", 342.56, -347.44, 270],
		[18, "C19", "T", 342.56, -472.56, 90],
		[19, "C20", "T", 250, -265, 0],
		[20, "C21", "B", 1085.66, -582.89, 0],
		[21, "C22", "B", 1005, -140, 270],
		[22, "C24", "T", 1010, -855, 270],
		[23, "C25", "B", 902.06, -735.46, 270],
		[24, "C30", "T", 1010, -730, 90],
		[25, "C31", "T", 505, -1115, 90],
		[26, "C32", "T", 1125, -110, 270],
		[27, "C33", "T", 1065, -109.88, 270],
		[28, "C34", "T", 915, -360, 180],
		[29, "C35", "T", 915, -420, 180],
		[30, "D2", "T", 915, -285, 0],
		[31, "D3", "T", 655, -985, 270],
		[32, "L1", "T", 1100, -365, 180],
		[33, "LED1", "T", 743.66, -461.61, 270],
		[34, "Q1", "T", 615, -1125, 180],
		[35, "R1", "T", 705, -325, 180],
		[36, "R2", "T", 510, -325, 0],
		[37, "R3", "T", 704.15, -730, 270],
		[38, "R4", "T", 704.15, -855, 270],
		[39, "R5", "T", 1025, -595, 90],
		[40, "R6", "T", 69.65, -362.35, 270],
		[41, "R7", "T", 69.66, -479.66, 90],
		[42, "R8", "T", 410.68, -438.24, 90],
		[43, "R9", "B", 802.14, -475.53, 90],
		[44, "R11", "T", 676.28, -460.48, 90],
		[45, "R12", "B", 790.83, -662.89, 0],
		[46, "R13", "T", 980.68, -154.72, 90],
		[47, "R14", "T", 905, -155, 90],
		[48, "R15", "T", 850, -155, 270],
		[49, "SW4", "T", 855, -730, 180],
		[50, "SW5", "T", 855, -855, 180],
		[51, "SW6", "T", 805, -595, 180],
		[52, "U1", "T", 350, -750, 0],
		[53, "U2", "T", 1020, -1050, 180],
		[54, "U4", "T", 207.4, -399.7, 0],
		[55, "U5", "B", 999.78, -420.19, 90],
		[56, "U6", "T", 1095, -255, 90],
		[57, "USB1", "T", 625.99, -161.86, 180],
		[58, "X1", "T", 330.83, -1038.62, 180],
		[59, "X2", "T", 152.83, -963.41, 90],
		[60, "PAD1", "B", 1145, -115, 0],
		[61, "PAD2", "B", 1145, -210, 0],
		[62, "PAD3", "T", 90, -655, 0],
		[63, "PAD4", "T", 90, -760, 0],
		[64, "PAD5", "B", 1125, -730, 0],
		[65, "PAD6", "B", 1125, -825, 0],
		[66, "PAD7", "B", 1125, -920, 0],
		[67, "PAD8", "B", 1125, -1015, 0],
		[68, "PAD9", "B", 1125, -1110, 0],
		[69, "PAD10", "B", 1005, -680, 0],
		[70, "PAD11", "B", 1005, -785, 0]
	]
},
"pins": {
	"fields": ["PIN_NO", "PIN_NAME", "PIN_X", "PIN_Y", "LAYER", "PIN_TYPE", "NET_NAME", "NET_TYPE", "PAD_SHAPE", "PAD_SIZEX", "PAD_SIZEY", "HOLE_SIZE", "PAD_ANGLE"],
	"rows": [
		[1, "C1_1", 732.44, -1045, "T", "SMD", "GND", "GND", "R", 31.5, 35.43, 0, 0],
		[2, "C1_2", 787.56, -1045, "T", "SMD", "VCC33", "", "R", 31.5, 35.43, 0, 0],
		[3, "C2_1", 732.19, -971.61, "T", "SMD", "GND", "GND", "R", 31.5, 35.43, 0, 0],
		[4, "C2_2", 787.31, -971.61, "T", "SMD", "VCC33", "", "R", 31.5, 35.43, 0, 0],
		[5, "C3_1", 787.56, -1155.12, "T", "SMD", "GND", "GND", "R", 31.5, 35.43, 0, 90],
		[6, "C3_2", 787.56, -1100, "T", "SMD", "BUSVCC5", "", "R", 31.5, 35.43, 0, 90],
		[7, "C4_1", 731.94, -1155.28, "T", "SMD", "GND", "GND", "R", 31.5, 35.43, 0, 90],
		[8, "C4_2", 731.94, -1100.16, "T", "SMD", "BUSVCC5", "", "R", 31.5, 35.43, 0, 90],
		[9, "C5_1", 142.32, -575, "T", "SMD", "GND", "GND", "R", 31.5, 35.43, 0, 0],
		[10, "C5_2", 197.44, -575, "T", "SMD", "VCC33", "", "R", 31.5, 35.43, 0, 0],
		[11, "C6_1", 62.44, -845, "T", "SMD", "GND", "GND", "R", 31.5, 35.43, 0, 0],
		[12, "C6_2", 117.56, -845, "T", "SMD", "VCC33", "", "R", 31.5, 35.43, 0, 0],
		[13, "C7_1", 557.56, -940, "T", "SMD", "GND", "GND", "R", 31.5, 35.43, 0, 180],
		[14, "C7_2", 502.44, -940, "T", "SMD", "VCC33", "", "R", 31.5, 35.43, 0, 180],
		[15, "C8_1", 557.56, -1010, "T", "SMD", "GND", "GND", "R", 31.5, 35.43, 0, 180],
		[16, "C8_2", 502.44, -1010, "T", "SMD", "VCC33", "", "R", 31.5, 35.43, 0, 180],
		[17, "C9_1", 593.49, -698.61, "T", "SMD", "GND", "GND", "R", 31.5, 35.43, 0, 90],
		[18, "C9_2", 593.49, -643.49, "T", "SMD", "VCC33", "", "R", 31.5, 35.43, 0, 90],
		[19, "C10_1", 595, -527.44, "T", "SMD", "GND", "GND", "R", 31.5, 35.43, 0, 270],
		[20, "C10_2", 595, -582.56, "T", "SMD", "VCC33", "", "R", 31.5, 35.43, 0, 270],
		[21, "C11_1", 955, -567.44, "T", "SMD", "NRST", "", "R", 31.5, 35.43, 0, 270],
		[22, "C11_2", 955, -622.56, "T", "SMD", "GND", "GND", "R", 31.5, 35.43, 0, 270],
		[23, "C12_1", 252.68, -1155, "T", "SMD", "PD0/OSCIN", "", "R", 31.5, 35.43, 0, 180],
		[24, "C12_2", 197.56, -1155, "T", "SMD", "GND", "GND", "R", 31.5, 35.43, 0, 180],
		[25, "C13_1", 412.68, -1155, "T", "SMD", "PD1/OSCOUT", "", "R", 31.5, 35.43, 0, 180],
		[26, "C13_2", 357.56, -1155, "T", "SMD", "GND", "GND", "R", 31.5, 35.43, 0, 180],
		[27, "C14_1", 67.56, -919.88, "T", "SMD", "PC14/OSC32IN", "", "R", 31.5, 35.43, 0, 270],
		[28, "C14_2", 67.56, -975, "T", "SMD", "GND", "GND", "R", 31.5, 35.43, 0, 270],
		[29, "C15_1", 153.43, -1084.31, "T", "SMD", "PC15/OSC32OUT", "", "R", 31.5, 35.43, 0, 180],
		[30, "C15_2", 98.31, -1084.31, "T", "SMD", "GND", "GND", "R", 31.5, 35.43, 0, 180],
		[31, "C17_1", 102.44, -265, "T", "SMD", "$1N7790", "", "R", 31.5, 35.43, 0, 0],
		[32, "C17_2", 157.56, -265, "T", "SMD", "GND", "GND", "R", 31.5, 35.43, 0, 0],
		[33, "C18_1", 342.56, -319.88, "T", "SMD", "GND", "GND", "R", 31.5, 35.43, 0, 270],
		[34, "C18_2", 342.56, -375, "T", "SMD", "$1N7928", "", "R", 31.5, 35.43, 0, 270],
		[35, "C19_1", 342.56, -500.12, "T", "SMD", "GND", "GND", "R", 31.5, 35.43, 0, 90],
		[36, "C19_2", 342.56, -445, "T", "SMD", "VCC33", "", "R", 31.5, 35.43, 0, 90],
		[37, "C20_1", 222.44, -265, "T", "SMD", "VCC33", "", "R", 31.5, 35.43, 0, 0],
		[38, "C20_2", 277.56, -265, "T", "SMD", "GND", "GND", "R", 31.5, 35.43, 0, 0],
		[39, "C21_1", 1058.1, -582.89, "B", "SMD", "GND", "GND", "R", 31.5, 35.43, 0, 0],
		[40, "C21_2", 1113.22, -582.89, "B", "SMD", "VCC5", "", "R", 31.5, 35.43, 0, 0],
		[41, "C22_1", 1005, -112.44, "B", "SMD", "BAT+", "", "R", 31.5, 35.43, 0, 270],
		[42, "C22_2", 1005, -167.56, "B", "SMD", "GND", "GND", "R", 31.5, 35.43, 0, 270],
		[43, "C24_1", 1010, -827.44, "T", "SMD", "GND", "GND", "R", 31.5, 35.43, 0, 270],
		[44, "C24_2", 1010, -882.56, "T", "SMD", "VCC33", "", "R", 31.5, 35.43, 0, 270],
		[45, "C25_1", 902.06, -707.89, "B", "SMD", "GND", "GND", "R", 31.5, 35.43, 0, 270],
		[46, "C25_2", 902.06, -763.02, "B", "SMD", "BUSVCC5", "", "R", 31.5, 35.43, 0, 270],
		[47, "C30_1", 1010, -757.56, "T", "SMD", "VCC33", "", "R", 31.5, 35.43, 0, 90],
		[48, "C30_2", 1010, -702.44, "T", "SMD", "GND", "GND", "R", 31.5, 35.43, 0, 90],
		[49, "C31_1", 505, -1142.56, "T", "SMD", "GND", "GND", "R", 31.5, 35.43, 0, 90],
		[50, "C31_2", 505, -1087.44, "T", "SMD", "VCC5", "", "R", 31.5, 35.43, 0, 90],
		[51, "C32_1", 1125, -82.44, "T", "SMD", "GND", "GND", "R", 31.5, 35.43, 0, 270],
		[52, "C32_2", 1125, -137.56, "T", "SMD", "BAT+", "", "R", 31.5, 35.43, 0, 270],
		[53, "C33_1", 1065, -82.32, "T", "SMD", "GND", "GND", "R", 31.5, 35.43, 0, 270],
		[54, "C33_2", 1065, -137.44, "T", "SMD", "BAT+", "", "R", 31.5, 35.43, 0, 270],
		[55, "C34_1", 942.56, -360, "T", "SMD", "GND", "GND", "R", 31.5, 35.43, 0, 180],
		[56, "C34_2", 887.44, -360, "T", "SMD", "VCCBAT5V", "", "R", 31.5, 35.43, 0, 180],
		[57, "C35_1", 942.56, -420, "T", "SMD", "GND", "GND", "R", 31.5, 35.43, 0, 180],
		[58, "C35_2", 887.44, -420, "T", "SMD", "VCCBAT5V", "", "R", 31.5, 35.43, 0, 180],
		[59, "D2_1", 850.63, -285, "T", "SMD", "VCCBAT5V", "", "R", 35.83, 48.03, 0, 0],
		[60, "D2_2", 979.37, -285, "T", "SMD", "$1N22630", "", "R", 35.83, 48.03, 0, 0],
		[61, "D3_1", 655, -937.76, "T", "SMD", "VCC5", "", "R", 39.37, 31.5, 0, 90],
		[62, "D3_2", 655, -1032.24, "T", "SMD", "BUSVCC5", "", "R", 39.37, 31.5, 0, 90],
		[63, "L1_1", 1127.56, -365, "T", "SMD", "BAT+", "", "R", 31.5, 34.02, 0, 0],
		[64, "L1_2", 1072.44, -365, "T", "SMD", "$1N22630", "", "R", 31.5, 34.02, 0, 0],
		[65, "LED1_1", 743.53, -430.13, "T", "SMD", "$1N18602", "", "R", 31.5, 31.5, 0, 0],
		[66, "LED1_2", 743.8, -493.08, "T", "SMD", "VCC33", "", "R", 31.5, 31.5, 0, 0],
		[67, "Q1_1", 566.38, -1087.6, "T", "SMD", "VCC5", "", "R", 42.13, 23.62, 0, 180],
		[68, "Q1_2", 566.38, -1162.4, "T", "SMD", "VCCBAT5V", "", "R", 42.13, 23.62, 0, 180],
		[69, "Q1_3", 663.63, -1125, "T", "SMD", "BUSVCC5", "", "R", 42.13, 23.62, 0, 180],
		[70, "R1_1", 734.66, -325, "T", "SMD", "GND", "GND", "R", 31.75, 34.02, 0, 180],
		[71, "R1_2", 675.34, -325, "T", "SMD", "$1N1918", "", "R", 31.75, 34.02, 0, 180],
		[72, "R2_1", 480.34, -325, "T", "SMD", "GND", "GND", "R", 31.75, 34.02, 0, 0],
		[73, "R2_2", 539.66, -325, "T", "SMD", "$1N1922", "", "R", 31.75, 34.02, 0, 0],
		[74, "R3_1", 704.15, -700.34, "T", "SMD", "GND", "GND", "R", 31.75, 34.02, 0, 270],
		[75, "R3_2", 704.15, -759.66, "T", "SMD", "PB2/BOOT1", "", "R", 31.75, 34.02, 0, 270],
		[76, "R4_1", 704.15, -825.34, "T", "SMD", "GND", "GND", "R", 31.75, 34.02, 0, 270],
		[77, "R4_2", 704.15, -884.66, "T", "SMD", "BOOT0", "", "R", 31.75, 34.02, 0, 270],
		[78, "R5_1", 1025, -624.66, "T", "SMD", "VCC33", "", "R", 31.75, 34.02, 0, 90],
		[79, "R5_2", 1025, -565.34, "T", "SMD", "NRST", "", "R", 31.75, 34.02, 0, 90],
		[80, "R6_1", 69.65, -332.69, "T", "SMD", "VCC33", "", "R", 31.75, 34.02, 0, 270],
		[81, "R6_2", 69.65, -392.01, "T", "SMD", "PB6/SCL", "", "R", 31.75, 34.02, 0, 270],
		[82, "R7_1", 69.66, -509.32, "T", "SMD", "VCC33", "", "R", 31.75, 34.02, 0, 90],
		[83, "R7_2", 69.66, -450, "T", "SMD", "PB7/SDA", "", "R", 31.75, 34.02, 0, 90],
		[84, "R8_1", 410.68, -467.9, "T", "SMD", "GND", "GND", "R", 31.75, 34.02, 0, 90],
		[85, "R8_2", 410.68, -408.58, "T", "SMD", "$1N8054", "", "R", 31.75, 34.02, 0, 90],
		[86, "R9_1", 802.14, -505.19, "B", "SMD", "GND", "GND", "R", 31.75, 34.02, 0, 90],
		[87, "R9_2", 802.14, -445.87, "B", "SMD", "$1N9702", "", "R", 31.75, 34.02, 0, 90],
		[88, "R11_1", 676.28, -490.14, "T", "SMD", "PB11", "", "R", 31.75, 34.02, 0, 90],
		[89, "R11_2", 676.28, -430.82, "T", "SMD", "$1N18602", "", "R", 31.75, 34.02, 0, 90],
		[90, "R12_1", 761.17, -662.89, "B", "SMD", "PA3/VM", "", "R", 31.75, 34.02, 0, 0],
		[91, "R12_2", 820.49, -662.89, "B", "SMD", "$1N18366", "", "R", 31.75, 34.02, 0, 0],
		[92, "R13_1", 980.68, -184.38, "T", "SMD", "$1N22520", "", "R", 31.75, 34.02, 0, 90],
		[93, "R13_2", 980.68, -125.06, "T", "SMD", "BAT+", "", "R", 31.75, 34.02, 0, 90],
		[94, "R14_1", 905, -184.66, "T", "SMD", "GND", "GND", "R", 31.75, 34.02, 0, 90],
		[95, "R14_2", 905, -125.34, "T", "SMD", "$1N22787", "", "R", 31.75, 34.02, 0, 90],
		[96, "R15_1", 850, -125.34, "T", "SMD", "$1N22787", "", "R", 31.75, 34.02, 0, 270],
		[97, "R15_2", 850, -184.66, "T", "SMD", "VCCBAT5V", "", "R", 31.75, 34.02, 0, 270],
		[98, "SW4_1", 941.02, -730, "T", "SMD", "VCC33", "", "R", 48.42, 53.54, 0, 180],
		[99, "SW4_2", 768.98, -730, "T", "SMD", "PB2/BOOT1", "", "R", 48.42, 53.54, 0, 180],
		[100, "SW5_1", 941.02, -855, "T", "SMD", "VCC33", "", "R", 48.42, 53.54, 0, 180],
		[101, "SW5_2", 768.98, -855, "T", "SMD", "BOOT0", "", "R", 48.42, 53.54, 0, 180],
		[102, "SW6_1", 891.02, -595, "T", "SMD", "NRST", "", "R", 48.42, 53.54, 0, 180],
		[103, "SW6_2", 718.98, -595, "T", "SMD", "GND", "GND", "R", 48.42, 53.54, 0, 180],
		[104, "U1_1", 241.73, -917.32, "T", "SMD", "U1_1", "", "O", 10.63, 59.05, 0, 0],
		[105, "U1_2", 261.42, -917.32, "T", "SMD", "U1_2", "", "O", 10.63, 59.05, 0, 0],
		[106, "U1_3", 281.1, -917.32, "T", "SMD", "PC14/OSC32IN", "", "O", 10.63, 59.05, 0, 0],
		[107, "U1_4", 300.79, -917.32, "T", "SMD", "PC15/OSC32OUT", "", "O", 10.63, 59.05, 0, 0],
		[108, "U1_5", 320.47, -917.32, "T", "SMD", "PD0/OSCIN", "", "O", 10.63, 59.05, 0, 0],
		[109, "U1_6", 340.16, -917.32, "T", "SMD", "PD1/OSCOUT", "", "O", 10.63, 59.05, 0, 0],
		[110, "U1_7", 359.84, -917.32, "T", "SMD", "NRST", "", "O", 10.63, 59.05, 0, 0],
		[111, "U1_8", 379.53, -917.32, "T", "SMD", "GND", "GND", "O", 10.63, 59.05, 0, 0],
		[112, "U1_9", 399.21, -917.32, "T", "SMD", "VCC33", "", "O", 10.63, 59.05, 0, 0],
		[113, "U1_10", 418.9, -917.32, "T", "SMD", "U1_10", "", "O", 10.63, 59.05, 0, 0],
		[114, "U1_11", 438.58, -917.32, "T", "SMD", "U1_11", "", "O", 10.63, 59.05, 0, 0],
		[115, "U1_12", 458.27, -917.32, "T", "SMD", "U1_12", "", "O", 10.63, 59.05, 0, 0],
		[116, "U1_13", 517.32, -858.27, "T", "SMD", "PA3/VM", "", "O", 59.05, 10.63, 0, 0],
		[117, "U1_14", 517.32, -838.58, "T", "SMD", "PA4/NSS", "", "O", 59.05, 10.63, 0, 0],
		[118, "U1_15", 517.32, -818.9, "T", "SMD", "PA5/SCK", "", "O", 59.05, 10.63, 0, 0],
		[119, "U1_16", 517.32, -799.21, "T", "SMD", "U1_16", "", "O", 59.05, 10.63, 0, 0],
		[120, "U1_17", 517.32, -779.53, "T", "SMD", "PA7/MOSI", "", "O", 59.05, 10.63, 0, 0],
		[121, "U1_18", 517.32, -759.84, "T", "SMD", "U1_18", "", "O", 59.05, 10.63, 0, 0],
		[122, "U1_19", 517.32, -740.16, "T", "SMD", "U1_19", "", "O", 59.05, 10.63, 0, 0],
		[123, "U1_20", 517.32, -720.47, "T", "SMD", "PB2/BOOT1", "", "O", 59.05, 10.63, 0, 0],
		[124, "U1_21", 517.32, -700.79, "T", "SMD", "U1_21", "", "O", 59.05, 10.63, 0, 0],
		[125, "U1_22", 517.32, -681.1, "T", "SMD", "PB11", "", "O", 59.05, 10.63, 0, 0],
		[126, "U1_23", 517.32, -661.42, "T", "SMD", "GND", "GND", "O", 59.05, 10.63, 0, 0],
		[127, "U1_24", 517.32, -641.73, "T", "SMD", "VCC33", "", "O", 59.05, 10.63, 0, 0],
		[128, "U1_25", 458.27, -582.68, "T", "SMD", "U1_25", "", "O", 10.63, 59.05, 0, 0],
		[129, "U1_26", 438.58, -582.68, "T", "SMD", "PB13/CHRG", "", "O", 10.63, 59.05, 0, 0],
		[130, "U1_27", 418.9, -582.68, "T", "SMD", "PB14/STDBY", "", "O", 10.63, 59.05, 0, 0],
		[131, "U1_28", 399.21, -582.68, "T", "SMD", "U1_28", "", "O", 10.63, 59.05, 0, 0],
		[132, "U1_29", 379.53, -582.68, "T", "SMD", "U1_29", "", "O", 10.63, 59.05, 0, 0],
		[133, "U1_30", 359.84, -582.68, "T", "SMD", "U1_30", "", "O", 10.63, 59.05, 0, 0],
		[134, "U1_31", 340.16, -582.68, "T", "SMD", "PA10/EXTI", "", "O", 10.63, 59.05, 0, 0],
		[135, "U1_32", 320.47, -582.68, "T", "SMD", "PA11", "", "O", 10.63, 59.05, 0, 0],
		[136, "U1_33", 300.79, -582.68, "T", "SMD", "PA12", "", "O", 10.63, 59.05, 0, 0],
		[137, "U1_34", 281.1, -582.68, "T", "SMD", "PA13/SWDIO", "", "O", 10.63, 59.05, 0, 0],
		[138, "U1_35", 261.42, -582.68, "T", "SMD", "GND", "GND", "O", 10.63, 59.05, 0, 0],
		[139, "U1_36", 241.73, -582.68, "T", "SMD", "VCC33", "", "O", 10.63, 59.05, 0, 0],
		[140, "U1_37", 182.68, -641.73, "T", "SMD", "PA14/SWCLK", "", "O", 59.05, 10.63, 0, 0],
		[141, "U1_38", 182.68, -661.42, "T", "SMD", "U1_38", "", "O", 59.05, 10.63, 0, 0],
		[142, "U1_39", 182.68, -681.1, "T", "SMD", "U1_39", "", "O", 59.05, 10.63, 0, 0],
		[143, "U1_40", 182.68, -700.79, "T", "SMD", "U1_40", "", "O", 59.05, 10.63, 0, 0],
		[144, "U1_41", 182.68, -720.47, "T", "SMD", "U1_41", "", "O", 59.05, 10.63, 0, 0],
		[145, "U1_42", 182.68, -740.16, "T", "SMD", "PB6/SCL", "", "O", 59.05, 10.63, 0, 0],
		[146, "U1_43", 182.68, -759.84, "T", "SMD", "PB7/SDA", "", "O", 59.05, 10.63, 0, 0],
		[147, "U1_44", 182.68, -779.53, "T", "SMD", "BOOT0", "", "O", 59.05, 10.63, 0, 0],
		[148, "U1_45", 182.68, -799.21, "T", "SMD", "U1_45", "", "O", 59.05, 10.63, 0, 0],
		[149, "U1_46", 182.68, -818.9, "T", "SMD", "U1_46", "", "O", 59.05, 10.63, 0, 0],
		[150, "U1_47", 182.68, -838.58, "T", "SMD", "GND", "GND", "O", 59.05, 10.63, 0, 0],
		[151, "U1_48", 182.68, -858.27, "T", "SMD", "VCC33", "", "O", 59.05, 10.63, 0, 0],
		[152, "U2_1", 903.07, -959.45, "T", "SMD", "GND", "GND", "R", 98.42, 43.31, 0, 180],
		[153, "U2_2", 903.07, -1050, "T", "SMD", "VCC33", "", "R", 98.42, 43.31, 0, 180],
		[154, "U2_3", 903.07, -1140.55, "T", "SMD", "BUSVCC5", "", "R", 98.42, 43.31, 0, 180],
		[155, "U2_4", 1136.93, -1050, "T", "SMD", "U2_4", "", "R", 92.13, 141.73, 0, 180],
		[156, "U4_1", 158.19, -478.44, "T", "SMD", "GND", "GND", "O", 11.02, 31.5, 0, 0],
		[157, "U4_2", 177.87, -478.44, "T", "SMD", "U4_2", "", "O", 11.02, 31.5, 0, 0],
		[158, "U4_3", 197.56, -478.44, "T", "SMD", "U4_3", "", "O", 11.02, 31.5, 0, 0],
		[159, "U4_4", 217.24, -478.44, "T", "SMD", "U4_4", "", "O", 11.02, 31.5, 0, 0],
		[160, "U4_5", 236.93, -478.44, "T", "SMD", "U4_5", "", "O", 11.02, 31.5, 0, 0],
		[161, "U4_6", 256.61, -478.44, "T", "SMD", "U4_6", "", "O", 11.02, 31.5, 0, 0],
		[162, "U4_7", 286.14, -448.91, "T", "SMD", "U4_7", "", "O", 31.5, 11.02, 0, 0],
		[163, "U4_8", 286.14, -429.23, "T", "SMD", "VCC33", "", "O", 31.5, 11.02, 0, 0],
		[164, "U4_9", 286.14, -409.54, "T", "SMD", "$1N8054", "", "O", 31.5, 11.02, 0, 0],
		[165, "U4_10", 286.14, -389.86, "T", "SMD", "$1N7928", "", "O", 31.5, 11.02, 0, 0],
		[166, "U4_11", 286.14, -370.17, "T", "SMD", "GND", "GND", "O", 31.5, 11.02, 0, 0],
		[167, "U4_12", 286.14, -350.49, "T", "SMD", "PA10/EXTI", "", "O", 31.5, 11.02, 0, 0],
		[168, "U4_13", 256.61, -320.96, "T", "SMD", "VCC33", "", "O", 11.02, 31.5, 0, 0],
		[169, "U4_14", 236.93, -320.96, "T", "SMD", "U4_14", "", "O", 11.02, 31.5, 0, 0],
		[170, "U4_15", 217.24, -320.96, "T", "SMD", "U4_15", "", "O", 11.02, 31.5, 0, 0],
		[171, "U4_16", 197.56, -320.96, "T", "SMD", "U4_16", "", "O", 11.02, 31.5, 0, 0],
		[172, "U4_17", 177.87, -320.96, "T", "SMD", "U4_17", "", "O", 11.02, 31.5, 0, 0],
		[173, "U4_18", 158.5, -320.96, "T", "SMD", "GND", "GND", "O", 11.02, 31.5, 0, 0],
		[174, "U4_19", 128.66, -350.49, "T", "SMD", "U4_19", "", "O", 31.5, 11.02, 0, 0],
		[175, "U4_20", 128.66, -370.17, "T", "SMD", "$1N7790", "", "O", 31.5, 11.02, 0, 0],
		[176, "U4_21", 128.66, -389.86, "T", "SMD", "U4_21", "", "O", 31.5, 11.02, 0, 0],
		[177, "U4_22", 128.66, -409.54, "T", "SMD", "U4_22", "", "O", 31.5, 11.02, 0, 0],
		[178, "U4_23", 128.66, -429.23, "T", "SMD", "PB6/SCL", "", "O", 31.5, 11.02, 0, 0],
		[179, "U4_24", 128.66, -448.91, "T", "SMD", "PB7/SDA", "", "O", 31.5, 11.02, 0, 0],
		[180, "U4_25", 207.89, -399.7, "T", "SMD", "GND", "GND", "R", 106.3, 106.3, 0, 0],
		[181, "U5_1", 885.28, -495.19, "B", "SMD", "GND", "GND", "R", 23.62, 47.24, 0, 90],
		[182, "U5_2", 885.28, -445.19, "B", "SMD", "$1N9702", "", "R", 23.62, 47.24, 0, 90],
		[183, "U5_3", 885.28, -395.19, "B", "SMD", "GND", "GND", "R", 23.62, 47.24, 0, 90],
		[184, "U5_4", 885.28, -345.19, "B", "SMD", "VCC5", "", "R", 23.62, 47.24, 0, 90],
		[185, "U5_5", 1114.28, -345.19, "B", "SMD", "BAT+", "", "R", 23.62, 47.24, 0, 90],
		[186, "U5_6", 1114.28, -395.19, "B", "SMD", "PB14/STDBY", "", "R", 23.62, 47.24, 0, 90],
		[187, "U5_7", 1114.28, -445.19, "B", "SMD", "PB13/CHRG", "", "R", 23.62, 47.24, 0, 90],
		[188, "U5_8", 1114.28, -495.19, "B", "SMD", "VCC5", "", "R", 23.62, 47.24, 0, 90],
		[189, "U5_9", 999.78, -420.19, "B", "SMD", "GND", "GND", "R", 129.92, 94.49, 0, 270],
		[190, "U6_1", 1140.24, -292.4, "T", "SMD", "$1N22630", "", "R", 20.95, 42.2, 0, 90],
		[191, "U6_2", 1140.24, -255, "T", "SMD", "GND", "GND", "R", 20.95, 42.2, 0, 90],
		[192, "U6_3", 1140.24, -217.6, "T", "SMD", "$1N22787", "", "R", 20.95, 42.2, 0, 90],
		[193, "U6_4", 1049.76, -217.6, "T", "SMD", "$1N22520", "", "R", 20.95, 42.2, 0, 90],
		[194, "U6_5", 1049.76, -255, "T", "SMD", "BAT+", "", "R", 20.95, 42.2, 0, 90],
		[195, "U6_6", 1049.76, -292.4, "T", "SMD", "U6_6", "", "R", 20.95, 42.2, 0, 90],
		[196, "USB1_1", 751.97, -255.36, "T", "SMD", "GND", "GND", "R", 21.65, 43.31, 0, 180],
		[197, "USB1_2", 720.47, -255.36, "T", "SMD", "VCC5", "", "R", 21.65, 43.31, 0, 180],
		[198, "USB1_3", 694.88, -255.36, "T", "SMD", "USB1_3", "", "R", 11.81, 43.31, 0, 180],
		[199, "USB1_4", 675.19, -255.36, "T", "SMD", "$1N1918", "", "R", 11.81, 43.31, 0, 180],
		[200, "USB1_5", 655.51, -255.36, "T", "SMD", "PA11", "", "R", 11.81, 43.31, 0, 180],
		[201, "USB1_6", 635.83, -255.36, "T", "SMD", "PA12", "", "R", 11.81, 43.31, 0, 180],
		[202, "USB1_7", 616.14, -255.36, "T", "SMD", "PA11", "", "R", 11.81, 43.31, 0, 180],
		[203, "USB1_8", 596.46, -255.36, "T", "SMD", "PA12", "", "R", 11.81, 43.31, 0, 180],
		[204, "USB1_9", 576.77, -255.36, "T", "SMD", "USB1_9", "", "R", 11.81, 43.31, 0, 180],
		[205, "USB1_10", 557.08, -255.36, "T", "SMD", "$1N1922", "", "R", 11.81, 43.31, 0, 180],
		[206, "USB1_11", 531.49, -255.36, "T", "SMD", "VCC5", "", "R", 21.65, 43.31, 0, 180],
		[207, "USB1_12", 500, -255.36, "T", "SMD", "GND", "GND", "R", 21.65, 43.31, 0, 180],
		[208, "USB1_13", 796.26, -233.71, "T", "DIP", "GND", "GND", "O", 43.31, 78.74, 59.05, 180],
		[209, "USB1_13", 796.26, -233.71, "B", "DIP", "GND", "GND", "O", 43.31, 78.74, 59.05, 180],
		[210, "USB1_13", 796.26, -68.35, "T", "DIP", "GND", "GND", "O", 47.24, 70.87, 47.24, 180],
		[211, "USB1_13", 796.26, -68.35, "B", "DIP", "GND", "GND", "O", 47.24, 70.87, 47.24, 180],
		[212, "USB1_14", 455.71, -233.71, "T", "DIP", "GND", "GND", "O", 43.31, 78.74, 59.06, 180],
		[213, "USB1_14", 455.71, -233.71, "B", "DIP", "GND", "GND", "O", 43.31, 78.74, 59.06, 180],
		[214, "USB1_14", 455.71, -68.35, "T", "DIP", "GND", "GND", "O", 47.24, 70.87, 47.24, 180],
		[215, "USB1_14", 455.71, -68.35, "B", "DIP", "GND", "GND", "O", 47.24, 70.87, 47.24, 180],
		[216, "X1_1", 411.54, -1038.62, "T", "SMD", "PD1/OSCOUT", "", "R", 74.8, 94.49, 0, 180],
		[217, "X1_2", 250.12, -1038.62, "T", "SMD", "PD0/OSCIN", "", "R", 74.8, 94.49, 0, 180],
		[218, "X2_1", 152.83, -1013.61, "T", "SMD", "PC15/OSC32OUT", "", "R", 41.34, 66.93, 0, 90],
		[219, "X2_2", 152.83, -913.22, "T", "SMD", "PC14/OSC32IN", "", "R", 41.34, 66.93, 0, 90],
		[220, "PAD1_1", 1145, -115, "B", "SMD", "BAT+", "", "R", 78.74, 78.74, 0, 0],
		[221, "PAD2_1", 1145, -210, "B", "SMD", "GND", "GND", "R", 78.74, 78.74, 0, 0],
		[222, "PAD3_1", 90, -655, "T", "SMD", "PA14/SWCLK", "", "R", 78.74, 78.74, 0, 0],
		[223, "PAD4_2", 90, -760, "T", "SMD", "PA13/SWDIO", "", "R", 78.74, 78.74, 0, 0],
		[224, "PAD5_1", 1125, -730, "B", "SMD", "PA7/MOSI", "", "R", 78.74, 78.74, 0, 0],
		[225, "PAD6_2", 1125, -825, "B", "SMD", "PA5/SCK", "", "R", 78.74, 78.74, 0, 0],
		[226, "PAD7_3", 1125, -920, "B", "SMD", "PA4/NSS", "", "R", 78.74, 78.74, 0, 0],
		[227, "PAD8_4", 1125, -1015, "B", "SMD", "GND", "GND", "R", 78.74, 78.74, 0, 0],
		[228, "PAD9_5", 1125, -1110, "B", "SMD", "BUSVCC5", "", "R", 78.74, 78.74, 0, 0],
		[229, "PAD10_1", 1005, -680, "B", "SMD", "$1N18366", "", "R", 78.74, 78.74, 0, 0],
		[230, "PAD11_2", 1005, -785, "B", "SMD", "BUSVCC5", "", "R", 78.74, 78.74, 0, 0]
	]
}
}