{
"lengthUnit": "mil",
"components": {
	"fields": ["COMPONENT_NO", "COMPONENT_NAME", "LAYER", "X_COORDINATE", "Y_COORDINATE", "ANGLE"],
	"rows": [
		[1, "C1", "T", 774.39, -830.8, 0],
		[2, "C2", "T", 775, -755, 0],
		[3, "C3", "T", 774.14, -986.31, 0],
		[4, "C4", "T", 774.14, -914.81, 0],
		[5, "C5", "T", 135, -805, 0],
		[6, "C6", "T", 575, -935, 90],
		[7, "C7", "T", 649.68, -934.29, 90],
		[8, "C8", "T", 624.88, -545, 180],
		[9, "C9", "T", 670.93, -471.85, 180],
		[10, "C10", "T", 205, -550, 0],
		[11, "C11", "T", 830.06, -312.65, 180],
		[12, "C12", "T", 280, -1122.99, 180],
		[13, "C13", "T", 445, -1122.99, 180],
		[14, "C14", "T", 164.88, -880, 180],
		[15, "C15", "T", 110, -1025, 90],
		[16, "C17", "T", 120.67, -350.61, 180],
		[17, "C18", "T", 427.44, -327.44, 270],
		[18, "C19", "T", 455, -430, 180],
		[19, "C20", "T", 290, -250, 180],
		[20, "C21", "T", 1035, -75, 0],
		[21, "C22", "T", 1157.32, -407.44, 270],
		[22, "C24", "T", 1130, -550, 180],
		[23, "C30", "T", 1130, -680, 0],
		[24, "C31", "T", 585, -1110, 270],
		[25, "C32", "B", 1035, -120, 270],
		[26, "C33", "B", 945, -120, 270],
		[27, "C34", "B", 760, -570, 180],
		[28, "C35", "B", 760, -665, 180],
		[29, "C38", "B", 442.44, -417.44, 270],
		[30, "C39", "B", 285, -430, 180],
		[31, "D2", "B", 800, -360, 0],
		[32, "D3", "T", 680, -1095, 90],
		[33, "L1", "B", 865, -250, 270],
		[34, "LED1", "T", 300.45, -138.55, 270],
		[35, "Q1", "T", 800, -1095, 270],
		[36, "R1", "T", 712.78, -310, 180],
		[37, "R2", "T", 525, -310, 0],
		[38, "R3", "T", 756.31, -680, 0],
		[39, "R4", "T", 755, -550, 0],
		[40, "R5", "T", 745, -395, 0],
		[41, "R6", "T", 123.5, -421.05, 0],
		[42, "R7", "T", 123.5, -483.75, 0],
		[43, "R8", "T", 545, -412.97, 90],
		[44, "R9", "T", 862.56, -166.63, 270],
		[45, "R13", "B", 1005, -235, 0],
		[46, "R14", "B", 1000, -475, 180],
		[47, "R15", "B", 765, -475, 180],
		[48, "R16", "B", 570, -545, 180],
		[49, "R17", "B", 570, -625, 180],
		[50, "R18", "B", 471.41, -760.17, 0],
		[51, "R19", "T", 379.76, -139.52, 270],
		[52, "SW4", "T", 940, -680, 180],
		[53, "SW5", "T", 940, -550, 180],
		[54, "SW6", "T", 940, -420, 180],
		[55, "U1", "T", 410, -710, 0],
		[56, "U2", "T", 1030, -895, 180],
		[57, "U4", "T", 287.89, -385.61, 0],
		[58, "U5", "T", 1045.18, -225.61, 270],
		[59, "U6", "B", 1030, -360, 180],
		[60, "U8", "B", 350, -595, 270],
		[61, "USB1", "T", 625, -150, 180],
		[62, "X1", "T", 389.53, -1005.34, 180],
		[63, "X2", "T", 195, -1000, 90],
		[64, "PAD1", "B", 1150, -130, 0],
		[65, "PAD2", "B", 1150, -240, 0],
		[66, "PAD3", "B", 1150, -560, 0],
		[67, "PAD4", "B", 1150, -672.5, 0],
		[68, "PAD5", "B", 1150, -785, 0],
		[69, "PAD6", "B", 1150, -897.5, 0],
		[70, "PAD7", "B", 1150, -1010, 0],
		[71, "PAD8", "B", 120, -650, 0],
		[72, "PAD9", "B", 120, -540, 0],
		[73, "PAD10", "T", 100, -630, 0],
		[74, "PAD11", "T", 100, -720, 0]
	]
},
"pins": {
	"fields": ["PIN_NO", "PIN_NAME", "PIN_X", "PIN_Y", "LAYER", "PIN_TYPE", "NET_NAME", "NET_TYPE", "PAD_SHAPE", "PAD_SIZEX", "PAD_SIZEY", "HOLE_SIZE", "PAD_ANGLE"],
	"rows": [
		[1, "C1_1", 746.83, -830.8, "T", "SMD", "GND", "GND", "R", 31.5, 35.43, 0, 0],
		[2, "C1_2", 801.95, -830.8, "T", "SMD", "VCC33", "", "R", 31.5, 35.43, 0, 0],
		[3, "C2_1", 747.44, -755, "T", "SMD", "GND", "GND", "R", 31.5, 35.43, 0, 0],
		[4, "C2_2", 802.56, -755, "T", "SMD", "VCC33", "", "R", 31.5, 35.43, 0, 0],
		[5, "C3_1", 746.58, -986.31, "T", "SMD", "GND", "GND", "R", 31.5, 35.43, 0, 0],
		[6, "C3_2", 801.7, -986.31, "T", "SMD", "BUSVCC5", "", "R", 31.5, 35.43, 0, 0],
		[7, "C4_1", 746.58, -914.81, "T", "SMD", "GND", "GND", "R", 31.5, 35.43, 0, 0],
		[8, "C4_2", 801.7, -914.81, "T", "SMD", "BUSVCC5", "", "R", 31.5, 35.43, 0, 0],
		[9, "C5_1", 107.44, -805, "T", "SMD", "GND", "GND", "R", 31.5, 35.43, 0, 0],
		[10, "C5_2", 162.56, -805, "T", "SMD", "VCC33", "", "R", 31.5, 35.43, 0, 0],
		[11, "C6_1", 575, -962.56, "T", "SMD", "GND", "GND", "R", 31.5, 35.43, 0, 90],
		[12, "C6_2", 575, -907.44, "T", "SMD", "VCC33", "", "R", 31.5, 35.43, 0, 90],
		[13, "C7_1", 649.68, -961.85, "T", "SMD", "GND", "GND", "R", 31.5, 35.43, 0, 90],
		[14, "C7_2", 649.68, -906.73, "T", "SMD", "VCC33", "", "R", 31.5, 35.43, 0, 90],
		[15, "C8_1", 652.44, -545, "T", "SMD", "GND", "GND", "R", 31.5, 35.43, 0, 180],
		[16, "C8_2", 597.32, -545, "T", "SMD", "VCC33", "", "R", 31.5, 35.43, 0, 180],
		[17, "C9_1", 698.49, -471.85, "T", "SMD", "GND", "GND", "R", 31.5, 35.43, 0, 180],
		[18, "C9_2", 643.37, -471.85, "T", "SMD", "VCC33", "", "R", 31.5, 35.43, 0, 180],
		[19, "C10_1", 177.44, -550, "T", "SMD", "GND", "GND", "R", 31.5, 35.43, 0, 0],
		[20, "C10_2", 232.56, -550, "T", "SMD", "VCC33", "", "R", 31.5, 35.43, 0, 0],
		[21, "C11_1", 857.62, -312.65, "T", "SMD", "NRST", "", "R", 31.5, 35.43, 0, 180],
		[22, "C11_2", 802.5, -312.65, "T", "SMD", "GND", "GND", "R", 31.5, 35.43, 0, 180],
		[23, "C12_1", 307.56, -1122.99, "T", "SMD", "PD0/OSCIN", "", "R", 31.5, 35.43, 0, 180],
		[24, "C12_2", 252.44, -1122.99, "T", "SMD", "GND", "GND", "R", 31.5, 35.43, 0, 180],
		[25, "C13_1", 472.56, -1122.99, "T", "SMD", "PD1/OSCOUT", "", "R", 31.5, 35.43, 0, 180],
		[26, "C13_2", 417.44, -1122.99, "T", "SMD", "GND", "GND", "R", 31.5, 35.43, 0, 180],
		[27, "C14_1", 192.44, -880, "T", "SMD", "PC14/OSC32IN", "", "R", 31.5, 35.43, 0, 180],
		[28, "C14_2", 137.32, -880, "T", "SMD", "GND", "GND", "R", 31.5, 35.43, 0, 180],
		[29, "C15_1", 110, -1052.56, "T", "SMD", "PC15/OSC32OUT", "", "R", 31.5, 35.43, 0, 90],
		[30, "C15_2", 110, -997.44, "T", "SMD", "GND", "GND", "R", 31.5, 35.43, 0, 90],
		[31, "C17_1", 148.23, -350.61, "T", "SMD", "$1N7790", "", "R", 31.5, 35.43, 0, 180],
		[32, "C17_2", 93.11, -350.61, "T", "SMD", "GND", "GND", "R", 31.5, 35.43, 0, 180],
		[33, "C18_1", 427.44, -299.88, "T", "SMD", "GND", "GND", "R", 31.5, 35.43, 0, 270],
		[34, "C18_2", 427.44, -355, "T", "SMD", "$1N7928", "", "R", 31.5, 35.43, 0, 270],
		[35, "C19_1", 482.56, -430, "T", "SMD", "GND", "GND", "R", 31.5, 35.43, 0, 180],
		[36, "C19_2", 427.44, -430, "T", "SMD", "VCC33", "", "R", 31.5, 35.43, 0, 180],
		[37, "C20_1", 317.56, -250, "T", "SMD", "VCC33", "", "R", 31.5, 35.43, 0, 180],
		[38, "C20_2", 262.44, -250, "T", "SMD", "GND", "GND", "R", 31.5, 35.43, 0, 180],
		[39, "C21_1", 1007.44, -75, "T", "SMD", "GND", "GND", "R", 31.5, 35.43, 0, 0],
		[40, "C21_2", 1062.56, -75, "T", "SMD", "VCC5", "", "R", 31.5, 35.43, 0, 0],
		[41, "C22_1", 1157.32, -379.88, "T", "SMD", "BAT+", "", "R", 31.5, 35.43, 0, 270],
		[42, "C22_2", 1157.32, -435, "T", "SMD", "GND", "GND", "R", 31.5, 35.43, 0, 270],
		[43, "C24_1", 1157.56, -550, "T", "SMD", "GND", "GND", "R", 31.5, 35.43, 0, 180],
		[44, "C24_2", 1102.44, -550, "T", "SMD", "VCC33", "", "R", 31.5, 35.43, 0, 180],
		[45, "C30_1", 1102.44, -680, "T", "SMD", "VCC33", "", "R", 31.5, 35.43, 0, 0],
		[46, "C30_2", 1157.56, -680, "T", "SMD", "GND", "GND", "R", 31.5, 35.43, 0, 0],
		[47, "C31_1", 585, -1082.44, "T", "SMD", "GND", "GND", "R", 31.5, 35.43, 0, 270],
		[48, "C31_2", 585, -1137.56, "T", "SMD", "VCC5", "", "R", 31.5, 35.43, 0, 270],
		[49, "C32_1", 1035, -92.44, "B", "SMD", "GND", "GND", "R", 31.5, 35.43, 0, 270],
		[50, "C32_2", 1035, -147.56, "B", "SMD", "BAT+", "", "R", 31.5, 35.43, 0, 270],
		[51, "C33_1", 945, -92.44, "B", "SMD", "GND", "GND", "R", 31.5, 35.43, 0, 270],
		[52, "C33_2", 945, -147.56, "B", "SMD", "BAT+", "", "R", 31.5, 35.43, 0, 270],
		[53, "C34_1", 787.56, -570, "B", "SMD", "GND", "GND", "R", 31.5, 35.43, 0, 180],
		[54, "C34_2", 732.44, -570, "B", "SMD", "VCCBAT5V", "", "R", 31.5, 35.43, 0, 180],
		[55, "C35_1", 787.56, -665, "B", "SMD", "GND", "GND", "R", 31.5, 35.43, 0, 180],
		[56, "C35_2", 732.44, -665, "B", "SMD", "VCCBAT5V", "", "R", 31.5, 35.43, 0, 180],
		[57, "C38_1", 442.44, -389.88, "B", "SMD", "GND", "GND", "R", 31.5, 35.43, 0, 270],
		[58, "C38_2", 442.44, -445, "B", "SMD", "$1N40543", "", "R", 31.5, 35.43, 0, 270],
		[59, "C39_1", 312.56, -430, "B", "SMD", "GND", "GND", "R", 31.5, 35.43, 0, 180],
		[60, "C39_2", 257.44, -430, "B", "SMD", "BUSVCC5", "", "R", 31.5, 35.43, 0, 180],
		[61, "D2_1", 735.63, -360, "B", "SMD", "VCCBAT5V", "", "R", 35.83, 48.03, 0, 0],
		[62, "D2_2", 864.37, -360, "B", "SMD", "$1N22630", "", "R", 35.83, 48.03, 0, 0],
		[63, "D3_1", 680, -1142.24, "T", "SMD", "VCC5", "", "R", 39.37, 31.5, 0, 270],
		[64, "D3_2", 680, -1047.76, "T", "SMD", "BUSVCC5", "", "R", 39.37, 31.5, 0, 270],
		[65, "L1_1", 865, -222.44, "B", "SMD", "BAT+", "", "R", 31.5, 34.02, 0, 90],
		[66, "L1_2", 865, -277.56, "B", "SMD", "$1N22630", "", "R", 31.5, 34.02, 0, 90],
		[67, "LED1_1", 300.31, -107.08, "T", "SMD", "$1N43028", "", "R", 31.5, 31.5, 0, 0],
		[68, "LED1_2", 300.58, -170.03, "T", "SMD", "VCC33", "", "R", 31.5, 31.5, 0, 0],
		[69, "Q1_1", 762.6, -1143.63, "T", "SMD", "VCC5", "", "R", 42.13, 23.62, 0, 270],
		[70, "Q1_2", 837.4, -1143.63, "T", "SMD", "VCCBAT5V", "", "R", 42.13, 23.62, 0, 270],
		[71, "Q1_3", 800, -1046.38, "T", "SMD", "BUSVCC5", "", "R", 42.13, 23.62, 0, 270],
		[72, "R1_1", 742.44, -310, "T", "SMD", "GND", "GND", "R", 31.75, 34.02, 0, 180],
		[73, "R1_2", 683.12, -310, "T", "SMD", "$1N1918", "", "R", 31.75, 34.02, 0, 180],
		[74, "R2_1", 495.34, -310, "T", "SMD", "GND", "GND", "R", 31.75, 34.02, 0, 0],
		[75, "R2_2", 554.66, -310, "T", "SMD", "$1N1922", "", "R", 31.75, 34.02, 0, 0],
		[76, "R3_1", 726.65, -680, "T", "SMD", "GND", "GND", "R", 31.75, 34.02, 0, 0],
		[77, "R3_2", 785.97, -680, "T", "SMD", "PB2/BOOT1", "", "R", 31.75, 34.02, 0, 0],
		[78, "R4_1", 725.34, -550, "T", "SMD", "GND", "GND", "R", 31.75, 34.02, 0, 0],
		[79, "R4_2", 784.66, -550, "T", "SMD", "BOOT0", "", "R", 31.75, 34.02, 0, 0],
		[80, "R5_1", 715.34, -395, "T", "SMD", "VCC33", "", "R", 31.75, 34.02, 0, 0],
		[81, "R5_2", 774.66, -395, "T", "SMD", "NRST", "", "R", 31.75, 34.02, 0, 0],
		[82, "R6_1", 93.84, -421.05, "T", "SMD", "VCC33", "", "R", 31.75, 34.02, 0, 0],
		[83, "R6_2", 153.16, -421.05, "T", "SMD", "PB6/SCL", "", "R", 31.75, 34.02, 0, 0],
		[84, "R7_1", 93.84, -483.75, "T", "SMD", "VCC33", "", "R", 31.75, 34.02, 0, 0],
		[85, "R7_2", 153.16, -483.75, "T", "SMD", "PB7/SDA", "", "R", 31.75, 34.02, 0, 0],
		[86, "R8_1", 545, -442.63, "T", "SMD", "GND", "GND", "R", 31.75, 34.02, 0, 90],
		[87, "R8_2", 545, -383.31, "T", "SMD", "$1N8054", "", "R", 31.75, 34.02, 0, 90],
		[88, "R9_1", 862.56, -136.97, "T", "SMD", "GND", "GND", "R", 31.75, 34.02, 0, 270],
		[89, "R9_2", 862.56, -196.29, "T", "SMD", "$1N9702", "", "R", 31.75, 34.02, 0, 270],
		[90, "R13_1", 975.34, -235, "B", "SMD", "$1N22520", "", "R", 31.75, 34.02, 0, 0],
		[91, "R13_2", 1034.66, -235, "B", "SMD", "BAT+", "", "R", 31.75, 34.02, 0, 0],
		[92, "R14_1", 1029.66, -475, "B", "SMD", "GND", "GND", "R", 31.75, 34.02, 0, 180],
		[93, "R14_2", 970.34, -475, "B", "SMD", "$1N22787", "", "R", 31.75, 34.02, 0, 180],
		[94, "R15_1", 794.66, -475, "B", "SMD", "$1N22787", "", "R", 31.75, 34.02, 0, 180],
		[95, "R15_2", 735.34, -475, "B", "SMD", "VCCBAT5V", "", "R", 31.75, 34.02, 0, 180],
		[96, "R16_1", 599.66, -545, "B", "SMD", "VCC33", "", "R", 31.75, 34.02, 0, 180],
		[97, "R16_2", 540.34, -545, "B", "SMD", "PB10/SCL", "", "R", 31.75, 34.02, 0, 180],
		[98, "R17_1", 599.66, -625, "B", "SMD", "VCC33", "", "R", 31.75, 34.02, 0, 180],
		[99, "R17_2", 540.34, -625, "B", "SMD", "PB11/SDA", "", "R", 31.75, 34.02, 0, 180],
		[100, "R18_1", 441.75, -760.17, "B", "SMD", "$1N40971", "", "R", 31.75, 34.02, 0, 0],
		[101, "R18_2", 501.07, -760.17, "B", "SMD", "VCC33", "", "R", 31.75, 34.02, 0, 0],
		[102, "R19_1", 379.76, -109.86, "T", "SMD", "$1N43028", "", "R", 31.75, 34.02, 0, 270],
		[103, "R19_2", 379.76, -169.18, "T", "SMD", "PB8/LED", "", "R", 31.75, 34.02, 0, 270],
		[104, "SW4_1", 1026.02, -680, "T", "SMD", "VCC33", "", "R", 48.42, 53.54, 0, 180],
		[105, "SW4_2", 853.98, -680, "T", "SMD", "PB2/BOOT1", "", "R", 48.42, 53.54, 0, 180],
		[106, "SW5_1", 1026.02, -550, "T", "SMD", "VCC33", "", "R", 48.42, 53.54, 0, 180],
		[107, "SW5_2", 853.98, -550, "T", "SMD", "BOOT0", "", "R", 48.42, 53.54, 0, 180],
		[108, "SW6_1", 1026.02, -420, "T", "SMD", "GND", "GND", "R", 48.42, 53.54, 0, 180],
		[109, "SW6_2", 853.98, -420, "T", "SMD", "NRST", "", "R", 48.42, 53.54, 0, 180],
		[110, "U1_1", 301.73, -877.32, "T", "SMD", "U1_1", "", "O", 10.63, 59.05, 0, 0],
		[111, "U1_2", 321.42, -877.32, "T", "SMD", "U1_2", "", "O", 10.63, 59.05, 0, 0],
		[112, "U1_3", 341.1, -877.32, "T", "SMD", "PC14/OSC32IN", "", "O", 10.63, 59.05, 0, 0],
		[113, "U1_4", 360.79, -877.32, "T", "SMD", "PC15/OSC32OUT", "", "O", 10.63, 59.05, 0, 0],
		[114, "U1_5", 380.47, -877.32, "T", "SMD", "PD0/OSCIN", "", "O", 10.63, 59.05, 0, 0],
		[115, "U1_6", 400.16, -877.32, "T", "SMD", "PD1/OSCOUT", "", "O", 10.63, 59.05, 0, 0],
		[116, "U1_7", 419.84, -877.32, "T", "SMD", "NRST", "", "O", 10.63, 59.05, 0, 0],
		[117, "U1_8", 439.53, -877.32, "T", "SMD", "GND", "GND", "O", 10.63, 59.05, 0, 0],
		[118, "U1_9", 459.21, -877.32, "T", "SMD", "VCC33", "", "O", 10.63, 59.05, 0, 0],
		[119, "U1_10", 478.9, -877.32, "T", "SMD", "U1_10", "", "O", 10.63, 59.05, 0, 0],
		[120, "U1_11", 498.58, -877.32, "T", "SMD", "U1_11", "", "O", 10.63, 59.05, 0, 0],
		[121, "U1_12", 518.27, -877.32, "T", "SMD", "U1_12", "", "O", 10.63, 59.05, 0, 0],
		[122, "U1_13", 577.32, -818.27, "T", "SMD", "U1_13", "", "O", 59.05, 10.63, 0, 0],
		[123, "U1_14", 577.32, -798.58, "T", "SMD", "PA4/NSS", "", "O", 59.05, 10.63, 0, 0],
		[124, "U1_15", 577.32, -778.9, "T", "SMD", "PA5/SCK", "", "O", 59.05, 10.63, 0, 0],
		[125, "U1_16", 577.32, -759.21, "T", "SMD", "U1_16", "", "O", 59.05, 10.63, 0, 0],
		[126, "U1_17", 577.32, -739.53, "T", "SMD", "PA7/MOSI", "", "O", 59.05, 10.63, 0, 0],
		[127, "U1_18", 577.32, -719.84, "T", "SMD", "U1_18", "", "O", 59.05, 10.63, 0, 0],
		[128, "U1_19", 577.32, -700.16, "T", "SMD", "U1_19", "", "O", 59.05, 10.63, 0, 0],
		[129, "U1_20", 577.32, -680.47, "T", "SMD", "PB2/BOOT1", "", "O", 59.05, 10.63, 0, 0],
		[130, "U1_21", 577.32, -660.79, "T", "SMD", "PB10/SCL", "", "O", 59.05, 10.63, 0, 0],
		[131, "U1_22", 577.32, -641.1, "T", "SMD", "PB11/SDA", "", "O", 59.05, 10.63, 0, 0],
		[132, "U1_23", 577.32, -621.42, "T", "SMD", "GND", "GND", "O", 59.05, 10.63, 0, 0],
		[133, "U1_24", 577.32, -601.73, "T", "SMD", "VCC33", "", "O", 59.05, 10.63, 0, 0],
		[134, "U1_25", 518.27, -542.68, "T", "SMD", "U1_25", "", "O", 10.63, 59.05, 0, 0],
		[135, "U1_26", 498.58, -542.68, "T", "SMD", "PB13/CHRG", "", "O", 10.63, 59.05, 0, 0],
		[136, "U1_27", 478.9, -542.68, "T", "SMD", "PB14/STDBY", "", "O", 10.63, 59.05, 0, 0],
		[137, "U1_28", 459.21, -542.68, "T", "SMD", "U1_28", "", "O", 10.63, 59.05, 0, 0],
		[138, "U1_29", 439.53, -542.68, "T", "SMD", "U1_29", "", "O", 10.63, 59.05, 0, 0],
		[139, "U1_30", 419.84, -542.68, "T", "SMD", "U1_30", "", "O", 10.63, 59.05, 0, 0],
		[140, "U1_31", 400.16, -542.68, "T", "SMD", "PA10/EXTI", "", "O", 10.63, 59.05, 0, 0],
		[141, "U1_32", 380.47, -542.68, "T", "SMD", "PA11", "", "O", 10.63, 59.05, 0, 0],
		[142, "U1_33", 360.79, -542.68, "T", "SMD", "PA12", "", "O", 10.63, 59.05, 0, 0],
		[143, "U1_34", 341.1, -542.68, "T", "SMD", "PA13/SWDIO", "", "O", 10.63, 59.05, 0, 0],
		[144, "U1_35", 321.42, -542.68, "T", "SMD", "GND", "GND", "O", 10.63, 59.05, 0, 0],
		[145, "U1_36", 301.73, -542.68, "T", "SMD", "VCC33", "", "O", 10.63, 59.05, 0, 0],
		[146, "U1_37", 242.68, -601.73, "T", "SMD", "PA14/SWCLK", "", "O", 59.05, 10.63, 0, 0],
		[147, "U1_38", 242.68, -621.42, "T", "SMD", "U1_38", "", "O", 59.05, 10.63, 0, 0],
		[148, "U1_39", 242.68, -641.1, "T", "SMD", "U1_39", "", "O", 59.05, 10.63, 0, 0],
		[149, "U1_40", 242.68, -660.79, "T", "SMD", "U1_40", "", "O", 59.05, 10.63, 0, 0],
		[150, "U1_41", 242.68, -680.47, "T", "SMD", "U1_41", "", "O", 59.05, 10.63, 0, 0],
		[151, "U1_42", 242.68, -700.16, "T", "SMD", "PB6/SCL", "", "O", 59.05, 10.63, 0, 0],
		[152, "U1_43", 242.68, -719.84, "T", "SMD", "PB7/SDA", "", "O", 59.05, 10.63, 0, 0],
		[153, "U1_44", 242.68, -739.53, "T", "SMD", "BOOT0", "", "O", 59.05, 10.63, 0, 0],
		[154, "U1_45", 242.68, -759.21, "T", "SMD", "PB8/LED", "", "O", 59.05, 10.63, 0, 0],
		[155, "U1_46", 242.68, -778.9, "T", "SMD", "U1_46", "", "O", 59.05, 10.63, 0, 0],
		[156, "U1_47", 242.68, -798.58, "T", "SMD", "GND", "GND", "O", 59.05, 10.63, 0, 0],
		[157, "U1_48", 242.68, -818.27, "T", "SMD", "VCC33", "", "O", 59.05, 10.63, 0, 0],
		[158, "U2_1", 913.07, -804.45, "T", "SMD", "GND", "GND", "R", 98.42, 43.31, 0, 180],
		[159, "U2_2", 913.07, -895, "T", "SMD", "VCC33", "", "R", 98.42, 43.31, 0, 180],
		[160, "U2_3", 913.07, -985.55, "T", "SMD", "BUSVCC5", "", "R", 98.42, 43.31, 0, 180],
		[161, "U2_4", 1146.93, -895, "T", "SMD", "U2_4", "", "R", 92.13, 141.73, 0, 180],
		[162, "U4_1", 238.68, -464.35, "T", "SMD", "GND", "GND", "O", 11.02, 31.5, 0, 0],
		[163, "U4_2", 258.36, -464.35, "T", "SMD", "U4_2", "", "O", 11.02, 31.5, 0, 0],
		[164, "U4_3", 278.05, -464.35, "T", "SMD", "U4_3", "", "O", 11.02, 31.5, 0, 0],
		[165, "U4_4", 297.73, -464.35, "T", "SMD", "U4_4", "", "O", 11.02, 31.5, 0, 0],
		[166, "U4_5", 317.42, -464.35, "T", "SMD", "U4_5", "", "O", 11.02, 31.5, 0, 0],
		[167, "U4_6", 337.1, -464.35, "T", "SMD", "U4_6", "", "O", 11.02, 31.5, 0, 0],
		[168, "U4_7", 366.63, -434.82, "T", "SMD", "U4_7", "", "O", 31.5, 11.02, 0, 0],
		[169, "U4_8", 366.63, -415.14, "T", "SMD", "VCC33", "", "O", 31.5, 11.02, 0, 0],
		[170, "U4_9", 366.63, -395.45, "T", "SMD", "$1N8054", "", "O", 31.5, 11.02, 0, 0],
		[171, "U4_10", 366.63, -375.77, "T", "SMD", "$1N7928", "", "O", 31.5, 11.02, 0, 0],
		[172, "U4_11", 366.63, -356.08, "T", "SMD", "GND", "GND", "O", 31.5, 11.02, 0, 0],
		[173, "U4_12", 366.63, -336.4, "T", "SMD", "PA10/EXTI", "", "O", 31.5, 11.02, 0, 0],
		[174, "U4_13", 337.1, -306.87, "T", "SMD", "VCC33", "", "O", 11.02, 31.5, 0, 0],
		[175, "U4_14", 317.42, -306.87, "T", "SMD", "U4_14", "", "O", 11.02, 31.5, 0, 0],
		[176, "U4_15", 297.73, -306.87, "T", "SMD", "U4_15", "", "O", 11.02, 31.5, 0, 0],
		[177, "U4_16", 278.05, -306.87, "T", "SMD", "U4_16", "", "O", 11.02, 31.5, 0, 0],
		[178, "U4_17", 258.36, -306.87, "T", "SMD", "U4_17", "", "O", 11.02, 31.5, 0, 0],
		[179, "U4_18", 238.99, -306.87, "T", "SMD", "GND", "GND", "O", 11.02, 31.5, 0, 0],
		[180, "U4_19", 209.15, -336.4, "T", "SMD", "U4_19", "", "O", 31.5, 11.02, 0, 0],
		[181, "U4_20", 209.15, -356.08, "T", "SMD", "$1N7790", "", "O", 31.5, 11.02, 0, 0],
		[182, "U4_21", 209.15, -375.77, "T", "SMD", "U4_21", "", "O", 31.5, 11.02, 0, 0],
		[183, "U4_22", 209.15, -395.45, "T", "SMD", "U4_22", "", "O", 31.5, 11.02, 0, 0],
		[184, "U4_23", 209.15, -415.14, "T", "SMD", "PB6/SCL", "", "O", 31.5, 11.02, 0, 0],
		[185, "U4_24", 209.15, -434.82, "T", "SMD", "PB7/SDA", "", "O", 31.5, 11.02, 0, 0],
		[186, "U4_25", 288.38, -385.61, "T", "SMD", "GND", "GND", "R", 106.3, 106.3, 0, 0],
		[187, "U5_1", 930.68, -150.61, "T", "SMD", "GND", "GND", "R", 23.62, 47.24, 0, 270],
		[188, "U5_2", 930.68, -200.61, "T", "SMD", "$1N9702", "", "R", 23.62, 47.24, 0, 270],
		[189, "U5_3", 930.68, -250.61, "T", "SMD", "GND", "GND", "R", 23.62, 47.24, 0, 270],
		[190, "U5_4", 930.68, -300.61, "T", "SMD", "VCC5", "", "R", 23.62, 47.24, 0, 270],
		[191, "U5_5", 1159.68, -300.61, "T", "SMD", "BAT+", "", "R", 23.62, 47.24, 0, 270],
		[192, "U5_6", 1159.68, -250.61, "T", "SMD", "PB14/STDBY", "", "R", 23.62, 47.24, 0, 270],
		[193, "U5_7", 1159.68, -200.61, "T", "SMD", "PB13/CHRG", "", "R", 23.62, 47.24, 0, 270],
		[194, "U5_8", 1159.68, -150.61, "T", "SMD", "VCC5", "", "R", 23.62, 47.24, 0, 270],
		[195, "U5_9", 1045.18, -225.61, "T", "SMD", "GND", "GND", "R", 129.92, 94.49, 0, 90],
		[196, "U6_1", 1067.4, -405.24, "B", "SMD", "$1N22630", "", "R", 20.95, 42.2, 0, 180],
		[197, "U6_2", 1030, -405.24, "B", "SMD", "GND", "GND", "R", 20.95, 42.2, 0, 180],
		[198, "U6_3", 992.6, -405.24, "B", "SMD", "$1N22787", "", "R", 20.95, 42.2, 0, 180],
		[199, "U6_4", 992.6, -314.76, "B", "SMD", "$1N22520", "", "R", 20.95, 42.2, 0, 180],
		[200, "U6_5", 1030, -314.76, "B", "SMD", "BAT+", "", "R", 20.95, 42.2, 0, 180],
		[201, "U6_6", 1067.4, -314.76, "B", "SMD", "U6_6", "", "R", 20.95, 42.2, 0, 180],
		[202, "U8_1", 442.52, -555.63, "B", "SMD", "$1N40543", "", "R", 11.81, 51.18, 0, 270],
		[203, "U8_2", 442.52, -575.32, "B", "SMD", "PB10/SCL", "", "R", 11.81, 51.18, 0, 270],
		[204, "U8_3", 442.52, -595, "B", "SMD", "PB11/SDA", "", "R", 11.81, 51.18, 0, 270],
		[205, "U8_4", 442.52, -614.68, "B", "SMD", "GND", "GND", "R", 11.81, 51.18, 0, 270],
		[206, "U8_5", 442.52, -634.38, "B", "SMD", "$1N40971", "", "R", 11.81, 51.18, 0, 270],
		[207, "U8_6", 257.48, -634.37, "B", "SMD", "U8_6", "", "R", 11.81, 51.18, 0, 270],
		[208, "U8_7", 257.48, -614.68, "B", "SMD", "LRA+", "", "R", 11.81, 51.18, 0, 270],
		[209, "U8_8", 257.48, -595, "B", "SMD", "GND", "GND", "R", 11.81, 51.18, 0, 270],
		[210, "U8_9", 257.48, -575.32, "B", "SMD", "LRA-", "", "R", 11.81, 51.18, 0, 270],
		[211, "U8_10", 257.48, -555.63, "B", "SMD", "BUSVCC5", "", "R", 11.81, 51.18, 0, 270],
		[212, "USB1_1", 750.99, -243.51, "T", "SMD", "GND", "GND", "R", 21.65, 43.31, 0, 180],
		[213, "USB1_2", 719.48, -243.51, "T", "SMD", "VCC5", "", "R", 21.65, 43.31, 0, 180],
		[214, "USB1_3", 693.89, -243.5, "T", "SMD", "USB1_3", "", "R", 11.81, 43.31, 0, 180],
		[215, "USB1_4", 674.21, -243.5, "T", "SMD", "$1N1918", "", "R", 11.81, 43.31, 0, 180],
		[216, "USB1_5", 654.52, -243.5, "T", "SMD", "PA11", "", "R", 11.81, 43.31, 0, 180],
		[217, "USB1_6", 634.85, -243.5, "T", "SMD", "PA12", "", "R", 11.81, 43.31, 0, 180],
		[218, "USB1_7", 615.15, -243.5, "T", "SMD", "PA11", "", "R", 11.81, 43.31, 0, 180],
		[219, "USB1_8", 595.48, -243.5, "T", "SMD", "PA12", "", "R", 11.81, 43.31, 0, 180],
		[220, "USB1_9", 575.78, -243.5, "T", "SMD", "USB1_9", "", "R", 11.81, 43.31, 0, 180],
		[221, "USB1_10", 556.1, -243.5, "T", "SMD", "$1N1922", "", "R", 11.81, 43.31, 0, 180],
		[222, "USB1_11", 530.5, -243.5, "T", "SMD", "VCC5", "", "R", 21.65, 43.31, 0, 180],
		[223, "USB1_12", 499.01, -243.5, "T", "SMD", "GND", "GND", "R", 21.65, 43.31, 0, 180],
		[224, "USB1_13", 795.28, -221.85, "T", "DIP", "GND", "GND", "O", 43.31, 78.74, 59.05, 180],
		[225, "USB1_13", 795.28, -221.85, "B", "DIP", "GND", "GND", "O", 43.31, 78.74, 59.05, 180],
		[226, "USB1_13", 795.28, -56.5, "T", "DIP", "GND", "GND", "O", 47.24, 70.87, 47.24, 180],
		[227, "USB1_13", 795.28, -56.5, "B", "DIP", "GND", "GND", "O", 47.24, 70.87, 47.24, 180],
		[228, "USB1_14", 454.72, -221.85, "T", "DIP", "GND", "GND", "O", 43.31, 78.74, 59.06, 180],
		[229, "USB1_14", 454.72, -221.85, "B", "DIP", "GND", "GND", "O", 43.31, 78.74, 59.06, 180],
		[230, "USB1_14", 454.72, -56.49, "T", "DIP", "GND", "GND", "O", 47.24, 70.87, 47.24, 180],
		[231, "USB1_14", 454.72, -56.49, "B", "DIP", "GND", "GND", "O", 47.24, 70.87, 47.24, 180],
		[232, "X1_1", 470.24, -1005.34, "T", "SMD", "PD1/OSCOUT", "", "R", 74.8, 94.49, 0, 180],
		[233, "X1_2", 308.82, -1005.34, "T", "SMD", "PD0/OSCIN", "", "R", 74.8, 94.49, 0, 180],
		[234, "X2_1", 195, -1050.2, "T", "SMD", "PC15/OSC32OUT", "", "R", 41.34, 66.93, 0, 90],
		[235, "X2_2", 195, -949.8, "T", "SMD", "PC14/OSC32IN", "", "R", 41.34, 66.93, 0, 90],
		[236, "PAD1_1", 1150, -130, "B", "SMD", "GND", "GND", "R", 78.74, 78.74, 0, 0],
		[237, "PAD2_2", 1150, -240, "B", "SMD", "BAT+", "", "R", 78.74, 78.74, 0, 0],
		[238, "PAD3_1", 1150, -560, "B", "SMD", "PA7/MOSI", "", "R", 78.74, 78.74, 0, 0],
		[239, "PAD4_2", 1150, -672.5, "B", "SMD", "PA5/SCK", "", "R", 78.74, 78.74, 0, 0],
		[240, "PAD5_1", 1150, -785, "B", "SMD", "PA4/NSS", "", "R", 78.74, 78.74, 0, 0],
		[241, "PAD6_2", 1150, -897.5, "B", "SMD", "GND", "GND", "R", 78.74, 78.74, 0, 0],
		[242, "PAD7_1", 1150, -1010, "B", "SMD", "BUSVCC5", "", "R", 78.74, 78.74, 0, 0],
		[243, "PAD8_2", 120, -650, "B", "SMD", "LRA+", "", "R", 78.74, 78.74, 0, 0],
		[244, "PAD9_1", 120, -540, "B", "SMD", "LRA-", "", "R", 78.74, 78.74, 0, 0],
		[245, "PAD10_1", 100, -630, "T", "SMD", "PA13/SWDIO", "", "R", 78.74, 78.74, 0, 0],
		[246, "PAD11_2", 100, -720, "T", "SMD", "PA14/SWCLK", "", "R", 78.74, 78.74, 0, 0]
	]
}
}