{
"lengthUnit": "mil",
"components": {
	"fields": ["COMPONENT_NO", "COMPONENT_NAME", "LAYER", "X_COORDINATE", "Y_COORDINATE", "ANGLE"],
	"rows": [
		[1, "C1", "T", 340.21, -1389.27, 90],
		[2, "C2", "T", 265.21, -1389.39, 90],
		[3, "R1", "T", 309.66, -1294.66, 180],
		[4, "U1", "T", 695, -1331.46, 0],
		[5, "U2", "T", 634.92, -1319.01, 0],
		[6, "PAD1", "T", 155, -1090, 0],
		[7, "PAD1", "B", 155, -1090, 0],
		[8, "PAD2", "T", 155, -1210, 0],
		[9, "PAD2", "B", 155, -1210, 0],
		[10, "PAD3", "T", 155, -1330, 0],
		[11, "PAD3", "B", 155, -1330, 0],
		[12, "PAD4", "T", 155, -1450, 0],
		[13, "PAD4", "B", 155, -1450, 0],
		[14, "PAD5", "T", 155, -1570, 0],
		[15, "PAD5", "B", 155, -1570, 0],
		[16, "PAD6", "T", 1110, -1090, 0],
		[17, "PAD6", "B", 1110, -1090, 0],
		[18, "PAD7", "T", 1110, -1210, 0],
		[19, "PAD7", "B", 1110, -1210, 0],
		[20, "PAD8", "T", 1110, -1330, 0],
		[21, "PAD8", "B", 1110, -1330, 0],
		[22, "PAD9", "T", 1110, -1450, 0],
		[23, "PAD9", "B", 1110, -1450, 0],
		[24, "PAD10", "T", 1110, -1570, 0],
		[25, "PAD10", "B", 1110, -1570, 0]
	]
},
"pins": {
	"fields": ["PIN_NO", "PIN_NAME", "PIN_X", "PIN_Y", "LAYER", "PIN_TYPE", "NET_NAME", "NET_TYPE", "PAD_SHAPE", "PAD_SIZEX", "PAD_SIZEY", "HOLE_SIZE", "PAD_ANGLE"],
	"rows": [
		[1, "C1_1", 340.21, -1416.83, "T", "SMD", "GND", "GND", "R", 31.5, 35.43, 0, 90],
		[2, "C1_2", 340.21, -1361.71, "T", "SMD", "VCC", "", "R", 31.5, 35.43, 0, 90],
		[3, "C2_1", 265.21, -1416.95, "T", "SMD", "GND", "GND", "R", 31.5, 35.43, 0, 90],
		[4, "C2_2", 265.21, -1361.83, "T", "SMD", "VCC", "", "R", 31.5, 35.43, 0, 90],
		[5, "R1_1", 339.32, -1294.66, "T", "SMD", "$1N1483", "", "R", 31.75, 34.02, 0, 180],
		[6, "R1_2", 280, -1294.66, "T", "SMD", "VCC", "", "R", 31.75, 34.02, 0, 180],
		[7, "U1_1", 420, -1518.23, "T", "SMD", "DIN1", "", "O", 22.6, 94.02, 0, 0],
		[8, "U1_2", 470, -1518.23, "T", "SMD", "DIG0", "", "O", 22.6, 94.02, 0, 0],
		[9, "U1_3", 520, -1518.23, "T", "SMD", "DIG4", "", "O", 22.6, 94.02, 0, 0],
		[10, "U1_4", 570, -1518.23, "T", "SMD", "GND", "GND", "O", 22.6, 94.02, 0, 0],
		[11, "U1_5", 620, -1518.23, "T", "SMD", "DIG6", "", "O", 22.6, 94.02, 0, 0],
		[12, "U1_6", 670, -1518.23, "T", "SMD", "DIG2", "", "O", 22.6, 94.02, 0, 0],
		[13, "U1_7", 720, -1518.23, "T", "SMD", "DIG3", "", "O", 22.6, 94.02, 0, 0],
		[14, "U1_8", 770, -1518.23, "T", "SMD", "DIG7", "", "O", 22.6, 94.02, 0, 0],
		[15, "U1_9", 820, -1518.23, "T", "SMD", "GND", "GND", "O", 22.6, 94.02, 0, 0],
		[16, "U1_10", 870, -1518.23, "T", "SMD", "DIG5", "", "O", 22.6, 94.02, 0, 0],
		[17, "U1_11", 920, -1518.23, "T", "SMD", "DIG1", "", "O", 22.6, 94.02, 0, 0],
		[18, "U1_12", 970, -1518.23, "T", "SMD", "CS", "", "O", 22.6, 94.02, 0, 0],
		[19, "U1_13", 970, -1144.69, "T", "SMD", "SCK", "", "O", 22.6, 94.02, 0, 0],
		[20, "U1_14", 920, -1144.69, "T", "SMD", "A", "", "O", 22.6, 94.02, 0, 0],
		[21, "U1_15", 870, -1144.69, "T", "SMD", "F", "", "O", 22.6, 94.02, 0, 0],
		[22, "U1_16", 820, -1144.69, "T", "SMD", "B", "", "O", 22.6, 94.02, 0, 0],
		[23, "U1_17", 770, -1144.69, "T", "SMD", "G", "", "O", 22.6, 94.02, 0, 0],
		[24, "U1_18", 720, -1144.69, "T", "SMD", "$1N1483", "", "O", 22.6, 94.02, 0, 0],
		[25, "U1_19", 670, -1144.69, "T", "SMD", "VCC", "", "O", 22.6, 94.02, 0, 0],
		[26, "U1_20", 620, -1144.69, "T", "SMD", "C", "", "O", 22.6, 94.02, 0, 0],
		[27, "U1_21", 570, -1144.69, "T", "SMD", "E", "", "O", 22.6, 94.02, 0, 0],
		[28, "U1_22", 520, -1144.69, "T", "SMD", "DP", "", "O", 22.6, 94.02, 0, 0],
		[29, "U1_23", 470, -1144.69, "T", "SMD", "D", "", "O", 22.6, 94.02, 0, 0],
		[30, "U1_24", 420, -1144.69, "T", "SMD", "DOUT1", "", "O", 22.6, 94.02, 0, 0],
		[31, "U2_1", 284.92, -1791.45, "T", "DIP", "DIG4", "", "C", 59.05, 59.05, 27.56, 0],
		[32, "U2_1", 284.92, -1791.45, "B", "DIP", "DIG4", "", "C", 59.05, 59.05, 27.56, 0],
		[33, "U2_2", 384.92, -1791.45, "T", "DIP", "DIG6", "", "C", 59.05, 59.05, 27.56, 0],
		[34, "U2_2", 384.92, -1791.45, "B", "DIP", "DIG6", "", "C", 59.05, 59.05, 27.56, 0],
		[35, "U2_3", 484.92, -1791.45, "T", "DIP", "A", "", "C", 59.05, 59.05, 27.56, 0],
		[36, "U2_3", 484.92, -1791.45, "B", "DIP", "A", "", "C", 59.05, 59.05, 27.56, 0],
		[37, "U2_4", 584.92, -1791.45, "T", "DIP", "B", "", "C", 59.05, 59.05, 27.56, 0],
		[38, "U2_4", 584.92, -1791.45, "B", "DIP", "B", "", "C", 59.05, 59.05, 27.56, 0],
		[39, "U2_5", 684.92, -1791.45, "T", "DIP", "DIG7", "", "C", 59.05, 59.05, 27.56, 0],
		[40, "U2_5", 684.92, -1791.45, "B", "DIP", "DIG7", "", "C", 59.05, 59.05, 27.56, 0],
		[41, "U2_6", 784.92, -1791.45, "T", "DIP", "D", "", "C", 59.05, 59.05, 27.56, 0],
		[42, "U2_6", 784.92, -1791.45, "B", "DIP", "D", "", "C", 59.05, 59.05, 27.56, 0],
		[43, "U2_7", 884.92, -1791.45, "T", "DIP", "DIG5", "", "C", 59.05, 59.05, 27.56, 0],
		[44, "U2_7", 884.92, -1791.45, "B", "DIP", "DIG5", "", "C", 59.05, 59.05, 27.56, 0],
		[45, "U2_8", 984.92, -1791.45, "T", "DIP", "DIG2", "", "C", 59.05, 59.05, 27.56, 0],
		[46, "U2_8", 984.92, -1791.45, "B", "DIP", "DIG2", "", "C", 59.05, 59.05, 27.56, 0],
		[47, "U2_9", 984.92, -846.57, "T", "DIP", "DIG0", "", "C", 59.05, 59.05, 27.56, 0],
		[48, "U2_9", 984.92, -846.57, "B", "DIP", "DIG0", "", "C", 59.05, 59.05, 27.56, 0],
		[49, "U2_10", 884.92, -846.57, "T", "DIP", "C", "", "C", 59.05, 59.05, 27.56, 0],
		[50, "U2_10", 884.92, -846.57, "B", "DIP", "C", "", "C", 59.05, 59.05, 27.56, 0],
		[51, "U2_11", 784.92, -846.57, "T", "DIP", "E", "", "C", 59.05, 59.05, 27.56, 0],
		[52, "U2_11", 784.92, -846.57, "B", "DIP", "E", "", "C", 59.05, 59.05, 27.56, 0],
		[53, "U2_12", 684.92, -846.57, "T", "DIP", "DIG3", "", "C", 59.05, 59.05, 27.56, 0],
		[54, "U2_12", 684.92, -846.57, "B", "DIP", "DIG3", "", "C", 59.05, 59.05, 27.56, 0],
		[55, "U2_13", 584.92, -846.57, "T", "DIP", "DP", "", "C", 59.05, 59.05, 27.56, 0],
		[56, "U2_13", 584.92, -846.57, "B", "DIP", "DP", "", "C", 59.05, 59.05, 27.56, 0],
		[57, "U2_14", 484.92, -846.57, "T", "DIP", "DIG1", "", "C", 59.05, 59.05, 27.56, 0],
		[58, "U2_14", 484.92, -846.57, "B", "DIP", "DIG1", "", "C", 59.05, 59.05, 27.56, 0],
		[59, "U2_15", 384.92, -846.57, "T", "DIP", "F", "", "C", 59.05, 59.05, 27.56, 0],
		[60, "U2_15", 384.92, -846.57, "B", "DIP", "F", "", "C", 59.05, 59.05, 27.56, 0],
		[61, "U2_16", 284.92, -846.57, "T", "DIP", "G", "", "C", 59.05, 59.05, 27.56, 0],
		[62, "U2_16", 284.92, -846.57, "B", "DIP", "G", "", "C", 59.05, 59.05, 27.56, 0],
		[63, "PAD1_1", 155, -1090, "T", "DIP", "DIN1", "", "C", 78.74, 78.74, 47.24, 0],
		[64, "PAD1_1", 155, -1090, "B", "DIP", "DIN1", "", "C", 78.74, 78.74, 47.24, 0],
		[65, "PAD2_1", 155, -1210, "T", "DIP", "SCK", "", "C", 78.74, 78.74, 47.24, 0],
		[66, "PAD2_1", 155, -1210, "B", "DIP", "SCK", "", "C", 78.74, 78.74, 47.24, 0],
		[67, "PAD3_1", 155, -1330, "T", "DIP", "CS", "", "C", 78.74, 78.74, 47.24, 0],
		[68, "PAD3_1", 155, -1330, "B", "DIP", "CS", "", "C", 78.74, 78.74, 47.24, 0],
		[69, "PAD4_1", 155, -1450, "T", "DIP", "GND", "GND", "C", 78.74, 78.74, 47.24, 0],
		[70, "PAD4_1", 155, -1450, "B", "DIP", "GND", "GND", "C", 78.74, 78.74, 47.24, 0],
		[71, "PAD5_1", 155, -1570, "T", "DIP", "VCC", "", "C", 78.74, 78.74, 47.24, 0],
		[72, "PAD5_1", 155, -1570, "B", "DIP", "VCC", "", "C", 78.74, 78.74, 47.24, 0],
		[73, "PAD6_1", 1110, -1090, "T", "DIP", "VCC", "", "C", 78.74, 78.74, 47.24, 0],
		[74, "PAD6_1", 1110, -1090, "B", "DIP", "VCC", "", "C", 78.74, 78.74, 47.24, 0],
		[75, "PAD7_1", 1110, -1210, "T", "DIP", "GND", "GND", "C", 78.74, 78.74, 47.24, 0],
		[76, "PAD7_1", 1110, -1210, "B", "DIP", "GND", "GND", "C", 78.74, 78.74, 47.24, 0],
		[77, "PAD8_1", 1110, -1330, "T", "DIP", "CS", "", "C", 78.74, 78.74, 47.24, 0],
		[78, "PAD8_1", 1110, -1330, "B", "DIP", "CS", "", "C", 78.74, 78.74, 47.24, 0],
		[79, "PAD9_1", 1110, -1450, "T", "DIP", "SCK", "", "C", 78.74, 78.74, 47.24, 0],
		[80, "PAD9_1", 1110, -1450, "B", "DIP", "SCK", "", "C", 78.74, 78.74, 47.24, 0],
		[81, "PAD10_1", 1110, -1570, "T", "DIP", "DOUT1", "", "C", 78.74, 78.74, 47.24, 0],
		[82, "PAD10_1", 1110, -1570, "B", "DIP", "DOUT1", "", "C", 78.74, 78.74, 47.24, 0]
	]
}
}